username,password
geard0,Gq4cNqbOyu01
jdow1,VL7G87
lcowdrey2,HbUqHZ5HXC1
fjahns3,lJifjZuHA8nE
dlavington4,yLJHaM
epeasey5,YtTg6HnR2d6
rlunam6,NoPzV5
boquirk7,UZ1I5K7c9Dg
nstrank8,TgSgTym3oGK
pbiffen9,nIDhsZSRXl
aconyera,KoVrQXsXGI
rmewhab,srtOz9Qp4V8
wbodleighc,w1FzgnwqKBRI
eakroydd,YAAu5W5J
vhammante,asi4VYNFFgq
hmurfillf,ZQO7Rd4u
tsturgesg,jfbgWfN4fNQl
ypicheh,ihyzNl
dgonsalvezi,tsHNmf
ycorradettij,QNw4sSVVv
1,1
estonnerl,o29j7BKsK7tZ
hingledewm,Zcwr3c8ej
mmonginn,nn5ZMHdxc0P
zjermyo,I47y5xYzZBDd
rmetterickep,pjcvINyEe
gjeppersonq,biK6CrssA
gwodelandr,hg0zhHbhR
emcgiffins,FaHwElbvHq6Q
kverriourt,0NNsUGL
kcrameru,PnKGhSH
sfinlaysonv,jqphT0F
gruddockw,qlW2eZc
nblanchetx,QqL3wxE
raimy,7yYW4SgN9Zq
ikettemanz,6RjJAM83T
kpowder10,t1oXzB
mblumfield11,P1wkt87DY9
pvokins12,zfW3Q0
kbirk13,p9KeYK
dirons14,k682ZDjq
wfulmen15,ISV1f4dSr
ahalligan16,8FEWfgIpi
chellyer17,k93fVE1rd
kgodar18,8PknaGAois7
mwitcher19,NvCBsPNHa4
abenettelli1a,cYw4TxXb
gmartinyuk1b,bh32nU95N5bh
cduncan1c,oIz6usp
wwrotchford1d,sRU6o9
abygrave1e,faDGwOpDARS
cdubs1f,5rfoEE
delkin1g,ZlO8rXVT
nquittonden1h,h3H5cV5Kc0HT
gbonehill1i,Xff1HaYqX9
dteasdale1j,44SIrFU
hcamoys1k,YXHeUPfP5a
bmably1l,8cOC9W
tfidelus1m,v18D29I1dJ
sgarie1n,PcrQvGTFdZFo
kfassan1o,KsFbreb4HYY
rbeamond1p,M0HOvS
lbrounfield1q,SWpFqChs4
fpettett1r,3dajVAKUB0
mcosens1s,sAi8NKKN65pa
lgauntlett1t,nYlGfWG
ehazeldene1u,FhSCI7XhlO
lmanser1v,QzCPMs
jpetworth1w,KpZJQu3BRlE
wpotebury1x,XhOmCh
fduthie1y,Q1nq9zeCGj
adarcy1z,Wztrq5z
jkebell20,JoIhKljYfK
aspacie21,0lBW9A4707
rbeardon22,BwdE9J
mblose23,XDynnEncjFW
tjeandet24,EGWulS
amaddocks25,1hnefn0XO
rdibner26,DGLfLvv
rtuvey27,bLAmHpioQLsr
lthewys28,i6SbJSS
bdoddrell29,wuEJH97
ddengate2a,gzdW0M
lenric2b,D8R8IS
ejunes2c,VaiXp4L2
cbrownsall2d,Yf10b4D
lcastree2e,RJn9jznM2R
astronough2f,dexJsm
mzeal2g,FHkzY5A
ndade2h,fpZzTU1WqBC
mkornyakov2i,BrMfP7XXl8a
afairclough2j,QBKBDf
rpetracci2k,wuQRmEAVo5Eq
ncorkan2l,6i3d3EfkRFhn
lcariss2m,7tIkhr0Amlyo
sshyres2n,DKy4KKPxzP
cplank2o,piomttn7Ahb4
tcremin2p,vNpl4sOWu
jpoyle2q,vX2LfXkED4
rharrop2r,a7kDCMh
wcawse2s,UYxksD99GwlN
hcappel2t,CMldHjJf
mbielefeld2u,2hz3t1v717
cflawith2v,bbEFlyu1D0G
bmoyle2w,sqwc5MJNHC
hcarney2x,1e9CSLcee
ncranmer2y,MQcAFz
amacdermot2z,nNnSgCNNCZ
lcallis30,odKiSk
drosenbloom31,doMOQgUViU
lkippling32,3P7QcGGRs
tdavitashvili33,G8Q4AcQ7b6M
bmowsdale34,JCW7CX8fz1
ccorbishley35,eq1P5SNIQ
jdefont36,MdPrjUH3gFd
njeandot37,Q0klSWl4iP8l
llalley38,D6ryLh
ftansly39,HSX5Gheu
lcasterou3a,M3nAyCHl
vdillingstone3b,FCyFDd8On
amaro3c,i5duJxJ0i
wiacovucci3d,L64bx6kV
bivanishev3e,tlSxOqSOk
zburghill3f,BPbFR8aUa
mbrikner3g,9EerzAqw
areinmar3h,ANpxt6q
gpape3i,N2yswc
amichal3j,BztEvm4
bgalgey3k,dtE52Drolt
aprescote3l,g6rQTS4xYbp
madlam3m,xYHF06gD
nbohlje3n,tMeWEtViG
bpuddifer3o,4IisPt
jure3p,FUA3Bi7B
ushirtliff3q,dI2sFu7Ril
kmacro3r,WkQgjCNfzB
kuzelli3s,T73lsxLBAcj4
mhaylor3t,q6OYEesu
treinhard3u,TEJ18FENsOA
pealles3v,3h2oxRzhK
kbiggerstaff3w,6GPWqJ4XGYGM
ljahnel3x,TFOA9a
cblackwell3y,Z1y3OdT
usimoens3z,i12Q8BOF
jtrenoweth40,yn0N53wZ
hhullins41,Ex96o7ci
ppashen42,b7dmoWtI
dfrankland43,glyQonyF
vdreinan44,9wJ7QkgZf
mcromwell45,bPegC3hzDo
selmer46,febHRcm
vofallon47,NnaOES
mbeers48,CcphxGvquTFF
smcginnell49,1iyWvyBk4KW
osmedley4a,3IGOTtF6Ct63
hlivick4b,sn6gZ8kqYH7K
bfearn4c,yvZZoJH
llys4d,sxLh8s
ccardinal4e,nX441x
msiggery4f,6ZFnOmI
ahurler4g,X4xz4xu1rUQ
ustudde4h,6IYdc4H
cgoing4i,6Eqn4BM08b
bthredder4j,4adzzy
aspellsworth4k,DHzSd1defQ
ltudor4l,1ltwEfl
mbrackenridge4m,uYC69mG
rpickhaver4n,JwODykd
ubrewett4o,8wjRJV6RLSd
ghearsey4p,XyUrI5
nreynault4q,zKGGj42
rcamplin4r,TCykIQRTYeUs
cbellhouse4s,mwfunl9Z
kstiggers4t,TQhZRUKnqzs
apergens4u,fLPLIn63Sl
kjunes4v,vaT2lfZJUr
sllewellin4w,6KxiMH4t
kpawley4x,huAbQ4
pcratchley4y,GTB5yIY
cwesterman4z,MeyX7H
cschulze50,tZoXwU
ematasov51,MY9puy
kmileham52,0nG6nNKcBvWQ
mwilderspoon53,upPJn13NF
bbinden54,Ub8VFHxA1
livanilov55,tpsBb5B6w
ledsell56,EGGeTvVl
rroubay57,jlVc9ad
ischrei58,IMlBlo
rbecket59,4Tz2WET8fsQ
reldrett5a,PW1CW7NoF
cdegg5b,enn4gSSn
cboodell5c,QYpvKJJCur
bnuccii5d,xKwyfDsQWK
hcoytes5e,KOPPZbs
jrambadt5f,B02fKxHzP11u
aengelbrecht5g,khBVkz
mdeniscke5h,iUUIwY
kbotterell5i,hYZYzgbu
ewallerbridge5j,P21IwQtMAKsu
eaughtie5k,2StjQ5AGh
bfoxhall5l,qlTB70VnAGA
rdommett5m,Xfeffb
cruprecht5n,zeFPVD0w5
ngorch5o,WLSPQ2b57
jwhitefoot5p,FTzY2Uuj7H
mgorriessen5q,aKeuNrlB4
awillavoys5r,OKOfuRVq
srasell5s,z5YG9kg
tdacca5t,BEChJvs
cshrubsall5u,04PCK9V
jtate5v,rhiCYx
rhassey5w,PKH9KOVJkrF
vcrippell5x,gwyxrVaAJ0zg
ljovovic5y,4CImhCT84eLg
sdossett5z,1rPfDO
ochestnut60,RCkH6GJ
fskaifedingerthorpe61,zi75csy8n1J
wgisburne62,mFJ4xkFPbg
lbladen63,4ugjkT
aummfrey64,e7m2DZ
khacard65,rMEptYqJ6atE
sdearness66,z7wpVfL
wtomley67,xAKlvgTUFjSa
gsanham68,unSmQ2nMf
abrelsford69,9XublTZb
gomullaney6a,ckk88w
svink6b,bQXA6Ea9f
jbettis6c,6ymGOa7hxpa
spotell6d,KjEo5B
bbolgar6e,ZuFxyvzCb1l
mcorfield6f,UrLCDYdhHq15
fmcpeck6g,aQ5dsNt4
cfriman6h,0crCPHSyzhft
heverett6i,CWVu7xy4Wh
asprules6j,D9HlFFTAmB
cdelamaine6k,uT5OiD0QC4
mjursch6l,EOzZnjd
alafay6m,FLN14ZryANF
tcathro6n,lwX4OhNMg
abartelli6o,5m4euLXin4
cpatesel6p,2B8uFEzs
rrosle6q,1AmOVHz
kmidden6r,Ho7M7x88Wm
aphilcock6s,nYRn81V
bpedrocchi6t,A1G4kcd4
agumary6u,T58HMlLpRB
alaird6v,ZOMH8QiqadI
vduckett6w,oUbLx7
dpeacop6x,LW3ZpxROxY
lackhurst6y,fgUf15WMlrKX
rbaleine6z,mYHH3pveGb
jdoale70,noLNfo6bH
ameachan71,aJhNzyy
kmichiel72,mkN2ca8L
ajeens73,cPuWPKN9
bbladen74,y6nwt26
arelfe75,qRlDosuAL
sbabe76,7mMrDpu
amulroy77,ifkf7z
mhamshaw78,1COlsZfIkVd
temeny79,i9DMpNz1e6
cmatas7a,u29rBhtRjuj6
odysart7b,HFfTDn
cmaulkin7c,tYckiilGN
tperocci7d,jKUfNzurP
fhelstrip7e,IWj39AWYar
fbyrnes7f,DfZ0woo7Qh
ndye7g,yuOEsje10
elaxe7h,vMTGm9
sbuttel7i,DTq750P6G1U
aoutridge7j,BXNnUT
abon7k,nwsa23RiIY
ojuniper7l,cZNLMuhQOk
hmcgrail7m,NodSQy
dquixley7n,S59LPuqQCK
cbransom7o,mYATq8zGul
zcronin7p,iGbkbKhCWEQ
dmattusov7q,8B0fEJQPTD
adarlington7r,sz4pvotE
rberzon7s,dPW2v4IHFdU
ggrimwade7t,OI6tnuH
rmerck7u,NzsYPLoaWmZ
kklaussen7v,VGTgaDzuKCK
pgunnell7w,u4Zc4sWt
brumsey7x,8ildZ8mJcO
jcrackett7y,py4fYhXAj
dshotboult7z,1MrLxQRvA
pruhben80,4F7OFvmNMtDJ
kbumby81,wkvXSF
fduggon82,yQNdchdLJAO
tgosz83,fpSugtB00cY
vexelby84,na2wmxFZ
lrigbye85,uIyEYWnZ
mcubuzzi86,iXpBDNkQC
lcowp87,vIeM1jAA8
akiloh88,KAvJXP1srK
aroscamps89,IQYS3lLBn
jnew8a,sU3WoHx9FM
cmcgrath8b,wuadvYU
tswaby8c,n7CIVndfPO
hhanhardt8d,Nh0MlA9T
slightwing8e,MI7nU3CA
cskelton8f,wD38SoCrj
jraraty8g,nBRwQ98RtU
mgeorgot8h,zjsX7JOF
vdigby8i,VuctpU4
pjakolevitch8j,n9Ynyp2B
zdrohane8k,f1N4QOU6K
hmcgerr8l,0mRs2rbhx
ddearlepalser8m,LfnmIR8t
agreenalf8n,3LlVyd
rkroon8o,2o574oeBV44
kjacquemard8p,BMhPbwXwv7
lfairweather8q,uWYXpbad0
ldevereux8r,TXxm3rU03s
kborris8s,I5F43pR
hpreshaw8t,NfPnQYdm51g
wturfus8u,91KyJLGHDry
aknott8v,S2HaD5jP1b
mcamplen8w,caO6rnOCObO
acorsan8x,GRdtcCpsL0
sghiraldi8y,E5rvDSWyMIl
cmelloi8z,i8rDhG
bspurway90,0KXOTO5Ii
ncamoys91,66vCANN4
dcampling92,5VB8UKR
epirnie93,yYekyPQ
ajuckes94,U6NCnVtY4il3
swemes95,nj3ZLHv
ttreske96,RsVErFPxWBh
mipsley97,bg8kxHhRWG
hdragonette98,FDNrQa
jsitlinton99,A89MB9R
sbresman9a,u2fkdtafP
cvalasek9b,8fxfphfu
hmacgahey9c,0IBuAT
tlaurant9d,hGGjajB
bdebruyn9e,Kxui1mJ6
bgrigolon9f,zjXubxIfbPLU
ibarringer9g,3MT433
ltettley9h,xLJ8AKGFM
wwhellans9i,ag9sGkUIE5Vf
ppullar9j,f22YPfXKlDQq
swrout9k,WSBHYhs
rblanchet9l,ccAdebv
ivaney9m,z1AOVKqVi0W3
hrideout9n,mDQoAxqQhdS
crodden9o,9lbwMg
kmacpeake9p,6pjGew8
ahowsan9q,UAwCdg75zqkC
bjadczak9r,z0APIEiFfZ
mstrowthers9s,FNWnKCR
aspawton9t,1KWHFe
trobshaw9u,DEWSqnk35Z
jharold9v,QaqC4dqMostR
ghavill9w,x8Q7xGdR04mx
cfuente9x,4P83Mm9dQ
mclampin9y,yb0HVz
kgrahame9z,yN9Skb
bshemmina0,1ZCxhVltU
lbaillesa1,RTJEgiQ
mpietrzyka2,RVIvUZ
fmariollea3,J6CuK5
tmoorcrafta4,NrTMo5t
cayrea5,402QQFuoQ
fmacfadina6,cFtfI1wJ
kmcgeechana7,UDDGBQFsXB
hdevina8,DP2TQPpct
aallswortha9,w8ZPH3yF3
ldiversaa,3xXfSz
rmccollumab,fwgolPpOoacT
dtriplowac,GTN4NOkHarB
frolfiniad,wr9RWO4OU
esleetae,TTcMOAan6fO
nlogesdaleaf,5NDb511
mlaffanag,nu6FBPHGa
fbordesah,MDbPrqVcUik
hdanielouai,AvuRCneP
ntagueaj,myGLMqex
tbrameak,KF9HemZqAjp
etonepohlal,S4WCLPQuKVP
pdibbeam,VEt0XWhr4
fbushrodan,DdO1hrRb8EAy
pbeddowsao,cWwVzXFxUy
molivaap,0sB4uiXo
mrichmondaq,qVuGR2y
fterneyar,7gaG1tNTZbZI
mbrunelleschias,gYjeiH521J
bbolteat,qFZf3BF83
dskullau,ugp8Il
gdefreitasav,jClfneHRt
tguiveraw,JPZIHtlrwC
ameckiffax,18RpAqSRXXK
cgergelyay,gfDuFhBApx
ckorneichukaz,7rdspq9i
sgreguolib0,K9isqaR4Dl5
tbenettellib1,0ZxErjgZP0
cwarmanb2,Qf2nceiL
tlafeeb3,2ClL7MxEc
yridsdellb4,uwaYWqv
mvasquezb5,72ylOF4hRU
smacmenaminb6,UtKAZAI4
kbentallb7,pbdOeS3MI
fmicheaub8,I18LqU3CUf
skernarb9,ieTShGQbBI
fmccomiskeyba,bN0bdum
ldaverenbb,AsHYoQw8
rtibbottsbc,uITajux1d9
jdoughtybd,AXfFfBs0L
vfackrellbe,wcZnjqFhVe
kgoodreidbf,yoT8faluS
lrichingsbg,qkXqn7GRIo
nbillingebh,s4uFdH7t9
dwelbrockbi,kP7P682UWv
kgerriebj,gYQCIKX3qyH
sthornsbk,8R5njV17DtQ
egoodredgebl,qqteQkT
mkarslakebm,7NncG0
mgirdwoodbn,GNiJjRyn
ewildenbo,XBnOmanyMi
aredingtonbp,3afsSq
rmackleybq,CEJ7VKcObj
ccrossanbr,3BYNTNYIzF
mbriggsbs,58ufnrnw
aferronelbt,QnNxz1alvF4
jspellwardbu,4JbFdE
afranzonellobv,rOeexA8YQoF
fwetheredbw,ioh78PwI
lranscombebx,hAlzns6GSl1
gborerby,K8VuZzn2K
glowersonbz,7QAu0x
cbentingc0,YyE0zUF2n
bloudc1,TraDHLd
dniccollsc2,3B35AFOuCWVK
abrunningc3,WCnsL2
nfawthorpec4,ChobBSeJvv
claydonc5,xNEyYSQ
sricardec6,JLpwS4E
qrosenbushc7,uUxh4qq0
wdrewettc8,h5whr5K9f
rwaplesc9,JgbQcSm
valywenca,4dhaEuom1x
llatimercb,hdiRokYZnc
dreysoncc,aQp64QIN61N
aavesquecd,VXuRJK
lfachece,s0cLA2nQGa2M
cthechamcf,7mq9PG8
sabrahamsoncg,gE6TpMeppB
odhillonch,G2oULhia4gK
jnisetci,xYjNsY6r5WF
gromanincj,X7FRWZjRJg1I
lmccarrollck,rLkUTU
gpetoficl,srH14odI
kedensorcm,LuPowlFG6NC
ipinorcn,3EnimO1v
tskoateco,VqvJcl
uhowellscp,ktJ1d00
muccellocq,bzH4x0ftFo
ligounetcr,v5sykBE
elaydelcs,ng810b1s
lgerlingct,MVCpJEWO9F
kmoretoncu,xMKrdx9Ld
dwetherillcv,OydEXUe
lfiveycw,GPKDsotl
bbalfecx,eqJunAA0U0Nn
gforrestcy,4bmeLors
dsimantscz,3ZdkU2JZP
ggoochd0,C56ARSrRk6
zgerhtsd1,VpFfSskygbnq
ebeevorsd2,9NJO4AAK
cdonnd3,iDcuqj706lo
jrowlattd4,RA0wDFg
ddunphied5,Zrt95S22
rjammetd6,MQ4wjzN5Y7
aabdeed7,k6voISXICS6
gdittsd8,banXJWstOoHh
cradleyd9,RiwTs4H9EtG9
mhedworthda,sLeITob9OPm
raldcorndb,IueOGtMnNV
rasgodbydc,6S4JE2OkLGkP
hdammarelldd,O3BgHrkLti
ralende,eNe1C2
dscotchmerdf,gTBUoiTl
rtwistdg,G8QMul8inxtG
lstaveleydh,2VRcixBq
vkollachdi,V8nlBU
ekemmdj,o31YyN
eoakebydk,FuMoqDy4Vc
gslocombedl,Er49zhV
triccardidm,4gsHTRAO
pmacguffogdn,FVuzjByl
eskirvindo,jMpcTHPB5e
rcuckoodp,RNTK2RQkiU9
ttroakdq,LKaQdDOh0
apiwelldr,PUqs6bum
cloukesds,32egSK
fkuhnhardtdt,psnwQYsPA
blingnerdu,sbD0EUnUKfr2
pryandv,6PFKeV5of
gstoakesdw,joTT2VbRG7T
dcailloudx,YfHDK7A2
mtoffolonidy,5HEOzhuAh
olagadudz,rAbCHOA3jZ
gespositae0,v0Yubp2WyZL
vvizee1,8iLF6BP
rinfantinoe2,CmEsd0
dlehrlee3,tkfqsVL
ophlippie4,fOgRdOa
fadmanse5,OwGuQhb61QrM
dandersone6,7VxJhdw1U
ncogere7,rRTDGEwv8
jbeaue8,S61P8UI
vpaffe9,GQsOWWzCtca
sfoggartyea,euwl6p
emellingeb,8JoFLavTY
nfeldmesserec,N43tLm6UbM
nkulickeed,x2NeEE
cbassfordee,VzPRYoJFjuO
trayworthef,21JvkXHbyTYe
lrayeeg,bEuuv3xg
jveldenseh,VXldYob
gbloxsomei,4QVEDM
ckidstonej,C0CxAqRMR0JB
bsweetek,V7VyU4ZdDqf
hmaccagueel,1CsIZ6Z1OBEz
acolebourneem,MHLPBTL05C1o
gswangeren,OXQi6Ke4J
fstaggeo,Jx5Py6V
blorrawayep,YCIGkOnwr
tuppetteq,YVeI0YNKLbX
slubbocker,kCAzvdzK3hKu
fdepaepees,Yx90wdtua1R
mspurrittet,pjg8xLxWR
gdevoeu,92Uq2cTSLp
wgrishuninev,r0HnuFkf6Lh
mchateletew,yCALT6M
ctamesex,QfUMZu0u6N
aantognazziey,I8WJVqhK
tdemeyerez,b8Z4pyHKSJ
bfassumf0,9XWlx6HZE
vhardinghamf1,o2M5wo3ScLvC
lcairneyf2,377jtmSPf
frobertuccif3,ekNZtcPJZZ
lkinetonf4,9GWiQpHO
dmatissef5,G6RpCksFN
wgarnallf6,Ah3vkTZS
ljohanningf7,gg1urqzcPme
lbarstockf8,KqFwitsBokx
bmccarrisonf9,bWsXUXXnXo8u
clockerfa,Blu44EtM
mrobbinsfb,B9Vx2pqZO
crestillfc,7kw1rzAjllB
bmunnsfd,A4bf5tl
cclementsfe,rYg1xFa8doD
lconstantineff,PxbHgwIU
kdemcikfg,39BXYA
gdwirefh,kJt08GA
bburnhamsfi,7TXVGVg7It
arentenbeckfj,J0miIS
amouattfk,BOmoWYcEnZI
kshirrellfl,PhZMm7WtQ
cshavefm,olLWvN8EHTGV
cgastickefn,XgTXuI
dfoyfo,1ndQzDqcOd
mdavidekfp,ubHVrEsK1XUP
hhingefq,vMV8Dx9
tfealtyfr,HsvUDN96Y1x
bbendlefs,5iYNA6C9
gwaterhowseft,wtHGNMUJDf6
ngiorgionefu,uWr6D26WS
kyersonfv,IMTRQ1J
cschiementzfw,2Ks9O189or
lyearnsfx,zr2tzscV4vw
abirtleyfy,HjIyeIIS
anorcliffefz,FUF77l
dglanfieldg0,RiS7jsdJ
gbullochg1,s5I44Eg
wmongeotg2,v9uwhdpSDZV
mcastellinog3,nVXjBzT
lsandersong4,0sUbYMmlnxn
messerg5,ShF6vBwCm7M5
bblasonig6,f94yHzO9hV
ssandfordg7,o6cY5t2pym
igrzeszczakg8,bDkMgZe67ux
hdessantg9,3Lo7EYsZ2jM6
sjaimezga,CPdenkbkfc
efiskgb,uA5FBCnv
ychallicombegc,cLvZXwo
spantecostgd,jtGc4UfOb9b
lyakovlge,OhKwi8Pjgi
lgravestongf,u32ntzSU
gconradiegg,cJ9nquZMaJo
tsallangh,I9jvMuU8i
tkinchingtongi,lXAzyz0h
tgraffhamgj,Yv3rWUL8d
nleadstonegk,bN1caKOUbe
kcuergl,GYHcbS
mkieltygm,Hxb9pMN3D
zhalsegn,mCER0ewYRy
caskwithgo,KwN9Ik8r
tgehrtzgp,OSxT65
hgrieggq,JUJPWaNKbJ
sdashpergr,kYksyrRDb
nblowesgs,hqblfs
dcarlettgt,0GTztRv
astilegu,70F9bcyecf
rdomenicigv,uD3NiV
bwhalgw,neW7YXnChzN
odisburygx,s1KU5ZMuAeAc
cbrewittgy,QwlaZmj
llidingtongz,tNUtfQ0ZD0
adearthh0,xFTycvk1KdQ
jmcpheath1,x99CWEqquimn
hfarnabyh2,wjHoCs9Jkqw
akienzleh3,XUuhNM
ebenduhnh4,j6lyyXUPqZJT
cduigedh5,VluHUR
amassyh6,SVY0cJG1YYW
cokeshotth7,4lXXVpH2
mdoddingh8,CYt1ObjvI
tfearbyh9,8hYQuoaX
blynchha,ZLigHBL0McGN
rillyeshb,nBHyvbqGEK2z
msyredhc,Pfk6Y3
ndemongeothd,zfWBZJ
avonderdellhe,P9kaoQ
tbarehamhf,NOPAjE
zbrockleyhg,ELHy8GOco
hlinzeehh,WE2IMD6noyi3
gtaltonhi,zcLqDT0j
kszantohj,mFtz6BX
wcornillhk,h437uYyNhZ
jdaneluthl,6sn8VlM
dsutterfieldhm,FBERUEjf
jlentschhn,ejhSQx
nizenho,kbMzzcWrXED
amallenhp,j0pCf8s
mbulmerhq,t1iutTagJa5
gdowallhr,9CReA2
mstickelshs,TPaxxClLc
tcatherineht,dOHnoc0A
rmcneillhu,472L54OLT3
nspinellohv,WZwrAZ9Pj
atuberfieldhw,dpmRH5Zl
groughthx,LFr4D7g
tgrigorkinhy,APTYEtSgb
mbarnsleyhz,0c3zPyz
djohanningi0,fKCcNI7uT6
tgoldstrawi1,XajIWTbdDVp
tedselli2,8cy4EWKiFxS
ariveloni3,FGGg6o74wF
agilloppi4,oiegsFLp
rgisbornei5,ogGNrG
tcrenagei6,RoGOdXE60
mrackami7,WjiSv6s
twimpressi8,yLybsYWJScFi
cmartineki9,CzU3VY
dmcguireia,FhNNmL
ksmowtonib,XwR3a63wS7f
sgrouenic,GwFSjMAoPs
jtitlowid,oTsmU2
tclyneie,q4VPxsigr
sauselloif,aGsKJsgoVO
mlinskillig,FcnOFChwhW
bcortinih,jPNhXJexDC
gswannellii,feMPVDqoTCN
mcretneyij,eZEFcVIk
iconnerlyik,Esv1vTSR
rriolfiil,iQP2DAXBnqoD
kmclaneim,ympAOd8bniP5
lparradyein,2tmfX1MiG3z
bcorintonio,6W5NxI8HRoB
mdavidovicsip,F70s0vd
ltrymeiq,SsnN3ZmuC
ggledstaneir,p4lglZvKDEl
jwhiteheadis,Gi5VURcDkoMl
tbrownleait,1mHxa8
amcwhorteriu,GvxRmBJD4xw
cmarraniv,z83kOS
rfieldhouseiw,HALfx3ihe
rhargieix,KOecsq
bgosneyiy,bV7UowjVH
lperkinsoniz,LnfcVSIciSc
tgoodingj0,bL9LIQO3thg
agrevej1,LDgrmuN
sranglej2,mIzXBa3FfMv
kcornauj3,oWWBXJ
eaizikovj4,Xxqr5C1f
lnovillj5,hnMKcJqA
hcraisej6,uiju20Boe
ofranceyj7,tFw8b9gPzzp
wlysaghtj8,eDBRc9
glambotj9,yLu2AK4
hmaseyja,dRY9glFw
mfidelejb,xgfC4N
tzamboniarijc,T5kzV5gmj6
egodilingtonjd,vEnW4UnVbVy
xandressje,oTAQO3vyy
dfitzroyjf,ocskeOAXsqJ
bhowsejg,gM3QdwJB0wgq
cdeesonjh,Y7Y0nH
mginnaneji,axJuR3
vrylettjj,4E85S4lVIL
classenjk,WSNT2eSN
lheinickejl,BJbP9vQYJLQ
dpearmainjm,IkQiCGgjbkur
bswettjn,tZiUMV8y
lkellsjo,J7ChIRM6
mlombjp,HgNeWSwM7o
tbasdenjq,dZBH0u
rdowreyjr,l9j0mg95
khayhurstjs,62fTzVsgAA
malcottjt,WrttuznG
freihillju,Ijpc6TD8fHiS
ablackmuirjv,niYEBkJVEE4
rprinnejw,bdOCO82Z
tbonasjx,klXa6Po6
ebotwoodjy,9Zvx6ZxPXp
cdoneganjz,vUybJpN2P0f
gcollinettek0,hCasVethaPm
cdurwardk1,jNtF2XyFlu
egoulbournk2,XFt1bu
fskimk3,OPP4bEzX
dhaskinsk4,QZv3lD
vvonhindenburgk5,tUfMmU
dskrinek6,U2Z5pr3
fdawtrek7,jQPNj2Hu9zJ
jcorwoodk8,ET8dHtK1
bjerromek9,9yPC314kg9s
mkoeneka,Ue6lSllqZYo
sfuzzenskb,4dNCmNhsDV
nsimmonitekc,R3RDllfMOU
ephilliphskd,YDmKDL2daL
gwapleke,jsgQYQO
lsiemantelkf,LVrQBPjHTU
gmatteskg,67ZCvBq
cmerrgankh,AfPs5RjccF
edalgarnowchki,ab5YZfS4Biub
bquartlykj,lnxdwH
klafayettekk,bDcidYa
aboltwoodkl,2PBxic85KgX
wclatworthykm,LcpHGy
oweekeskn,xbsKBVB
mthamsko,6zYdt9ex2UY
dwheadonkp,tEe4R9cJ
cdavydzenkokq,sCKrFQWzvOc
aattackkr,pQYQgY9ECh
vschabenks,jlBrbCcUu4Z6
nleaskkt,jhT8lIsb31
udafyddku,QdE1Tfcw
esilcockkv,jyQ9DX
jsortonkw,VKoWXR
jscourgiekx,ZoB7E2Rq
bcroomky,o5tioB6k
creaveykz,ABXfy2
ngoshawkl0,eEMcII6Lu
isteedenl1,Q7zDmpKxZN
sciobutarol2,qWZx8i52aZ
jjearyl3,1ojaNXb8cX17
lbaszkiewiczl4,faUCLXohycQ
tburtl5,8OcVD6CYm
jorrelll6,rrTaFit
ghantuschl7,HVBxJh
kkeileyl8,uTd7ikzrhB
jmadisonl9,tfTuc0Rk
jcutbushla,e0bwRiCkcl3F
ftetherlb,qnx5k9CcG
tmaphamlc,BbhhwG
akenchld,ihaGMuQ8pe
draubenheimerle,6wFKO2Zt
gdoghartielf,AUJLEbOGMDY
wdufourelg,K3BEJOHrQ
ekobielalh,ZY58NotRswDu
jjakubiakli,xU3CGgAKL
ddupreylj,o7xNPTLV44QA
cbuglerlk,qOYNhW9PYwt
lrosall,ZTeqXLgdzOTM
cvuittonlm,qUoc1Ms
conolanln,mubHmenZ
akirtlandlo,KXFawLbACk
rbearmanlp,Jbd8kpuB6
acroselq,EptR4pH
ssemplelr,46h7b2YgY
gheersmals,paedOVfNS
irolofflt,f29k3bfQywHk
bbranchetlu,6kWxpS
mgobatlv,fpINtPK
bblankmanlw,KzfeSlV2Hx4
npadricklx,ZDumDMx
gbrantly,dt0kxHe
kpollicottlz,7kJUGc
dmuckersiem0,OEpPZRX8k4
yphairm1,POHzzBSjzJ
ksurmanm2,bi4VhrZOiY
lfellgatem3,3T5NGI
regdellm4,50jVBueW
kreublem5,0ZROb7cvtN
ehatfieldm6,od0dOh
hmclesem7,40FUZN
tdoucettem8,KJYrxy9
hhearnahm9,fjoXmycsMG6X
lduchanma,7SRegjxs
sattwoulmb,rudlNOKG
etourlemc,qyICLq
srudlandmd,T3l5hPyM2
kcorbieme,KB5G84sbMR6
cdarrowmf,HTmcWM
dkarysmg,aZmfN7h
sbarrsmh,hshgecSwVZL
mwingrovemi,F2eCWvFFnH
pjohlmj,oWCSK0JP2i
rjellingsmk,GJPn4rQ6Rt4
lorteauml,5i30yJ
abargemm,50Xdjx7tCEp
mloadermn,re3W2ioE5ag
sferonmo,clQHlQ6N
bkennewaymp,mg8reOCZqyM
rboguemq,o5J99WIZ16
ufawloemr,7fPdxxPrZI
rhawsbyms,Ug1ouVbGT07
pbeahanmt,uPe9J3D7F
nfrightmu,NhoTIz
pcocklemv,wluLA0
uhowlemw,tz6wraut00
kalflattmx,V2JUbx
rmacgowmy,ZRXHVqJ7wh8
vbeenmz,5AOQZpTN
hbedbroughn0,cTJq8TKF
mfeavyourn1,YTV6C5JB
plomaxn2,5jO6A5pTFn
wpoonn3,Wuxj9gPJN
dcranefieldn4,d8MqMoQm
rferrarinin5,HrFIkh1kZgf
dbellwoodn6,bcoJIDB
tmaccartern7,MDqb5LPmzv
tborrottn8,a5l8JoZ8cxwk
cblaszczynskin9,6gXw59Isnc
afaichniena,tLcbrCoS97V
lcradducknb,ZqEQHm
nsegeswoethnc,iPxNNZsS5CZj
eboysend,1Q4fMi05aR
mmckeane,nkKhWqIOui
frobbeynf,fKomkLQ
eelpheyng,FZS6ykN
gheintschnh,JKCKayyeKe
glodyni,zgoClnVx
cgronownj,UVrHk6ar
ckeelingnk,viCOt7
hrockwellnl,zhJnnDpwvg
rfontellesnm,kFF0iUV4Cic
asparrynn,Fn9Xg3Qw
jpoppingno,QQWcdPODGu
jbidwellnp,iD3oJOOK2cra
lrabiernq,wPJSAAqETy
smcasternr,hhSG7voUE
jtizzardns,2yp5oTGJ9hB
dmarsnt,InWVGI1v6
odevorillnu,7eHj0Z
bgundanv,OmxnGWz
jskunesnw,zGsz7hg1xDb
wdoughterynx,HDADqmrHxR1
agrindleyny,wNvEds3mrX
dpettusnz,DPH9xpNKh8UZ
sfryeo0,e6dd2K35U
bbursello1,38qlTNNDvwv
jcajklero2,mtM31sT1hdH
hbroxupo3,eqWfT2i
brenhardo4,DPI1kWTNLtZD
htownsendo5,k5lDyBlzJwG
tgergo6,OiYwyrgW0HDz
rgasho7,m3Fyqyn5
sshanahano8,47KdoqoDf3j
ncaulketto9,ytcmHqX
stollfreeoa,AbSq9TWl8
wnarramorob,C8xl9l3
hgoodhewoc,cP6obiFY
ncockerod,MsESGBlco30Q
ablowfieldoe,IDdTcHJ
fallnuttof,vJJbOTVR2
cteeseog,1s8O55m61x
vlamplughoh,SBHFpDOCH
cphythonoi,K9OUuTE
fsteersoj,BUVcGCpY8N
mbickerstasseok,imXSdOqQbfJ
iomahoneyol,pIy2QIT5zU
jhalmsom,V0Oo9zmI
lsouthbyon,CJ6U7qP6a
dchetwindoo,td70GS
gmcphillimeyop,aYOTfLZHs
doglevieoq,Ktt1fG4c8
dcoilor,BP7MQMhtfj6
gblabieos,zbF9gNdBV3B4
lwiggintonot,Lt1TEb
cmonkemanou,DY6C1pAE0I
yjasparov,JdaZ6Xxhizl9
dhalwillow,IcJZF6JGf
lhatchetteox,sIwrPbm80
ewimpeneyoy,QR0zsmaoyRi
aedwardsoz,wpaHMn
kcansdallp0,tv8qywvCA
hschwandenp1,zWUUpGXs7T
dtrentp2,RSbaJ9T36
tvanderveldtp3,VmsA4Eft
cprantonip4,rlyOo0t
kwhithamp5,NFA8rnd4s
ahanneyp6,1nBFcr8NmVxG
acootp7,mLuFT6Mg
clevip8,kowRHoNIA
jsheersp9,aHoIE7
hsesonspa,90uLzBB
citzchakipb,ZgByJxiuKmp
bmantionepc,T5l1Bok
ftownepd,fqp3yX6UVj
kwagonpe,gc2wl9TBb
gtouzeypf,mYnrT2Gwc
bburfordpg,28xFBFL6X
sferreliph,3QWyszcBazl
ugerrelspi,8gLSeV
cspeermanpj,MEHy4tcUMr6i
dbegwellpk,APXMfW3aH00z
squakleypl,Dn95LJq6Q
brudwellpm,zQ0a6LJibWJH
gexpositopn,EhYMmeNlPh3y
ygrigolashvillpo,kiWqw9
ifeehilypp,uasxN1Vf1MJ
rcraneypq,zF4f2FrbZFMr
dmaccaheepr,PWUo9lgK
khebnerps,rBKIC6k
icoggonpt,ivCJJWdzInb
cdelacostepu,Op52qzW3gN
jjamarypv,a6lrIVN
mtarverpw,2uCi1kNO3q
kelbypx,FK89dxDA6Zlc
lpitneypy,sEjehPS4Rgp
mburlepz,ZzWFcoJ
amackeegq0,KG12Fi
hmaryonq1,gTflY5b0
sklimaq2,lsP9l124QRx
rhirtzq3,PjMi1D2H
dswynleyq4,WOxJlYDCq
jshaneq5,yAq5hBOXWXi
abaldryq6,DhtRVNYv
fpauleq7,OTf36bCU9m8
modooganq8,0DmUzuOM
kknottleyq9,yU2Lftu
tmuspratqa,ETkBNC
jcoltherdqb,F9JRuoL6
wswadonqc,6u6lSSG
reberstqd,jiMw9HwKX1C
gblaiklockqe,QXeQT8
tjobbingqf,56MA8MGr9Pg
kduseyqg,BR2rTEwZ6t3F
nrumneyqh,xv8U1WcXG
ftrenamqi,jlprIaeeAopI
rdeelyqj,TJQCttyXOeeX
citscowicsqk,oY2bCQ
svittoreql,d9r7tMMVrLyt
trossanderqm,WfwaNB
cllopisqn,7YNI834Z
rmahodyqo,48fuGcbW1
echuneyqp,6mBW6FgIcVWL
bshillabearqq,6m7zy4kXOf3
mfogdenqr,ARHUzsk
sphilipsohnqs,bXlRKHWD8o08
shaslewoodqt,U24cl8kdfnx6
jipwellqu,Jp2lUs
rvaseninqv,yifnsti
wsheridanqw,FWOtIJmCS
gstealeyqx,YoJj96Xq
vbourhillqy,97wvqC
llermouthqz,oNjVOkyGIxK
ategginr0,JvvTLxW8z
bsavillr1,5TFHArYPl
ajoynsonr2,1OguLcYD
dfearnyhoughr3,voM13ElK
flanceleyr4,bavwp6k
pdionisettor5,rc8kfCDHIju
bmithonr6,DxZSk8S
fpinckedr7,04J7BM65Bz4
snovacekr8,UnfvJjbzo
rbuckamr9,7rhO0eS
dcrumpra,Uraakaamx
bleasorrb,wl09sAce
fucrc,eFEuGn
klemmerrd,jDMH9kPhQ
gdawere,ehebpaZHzcRW
gchevinrf,oVVvtMRi
hmuzzallrg,ZFNRdzaDlF
wsummerleyrh,kbX3rlWiRRN
edelcastelri,fWZuiOCutM
dconneaurj,M30vF6L306a
beglaiserk,vPaPUM
bairsrl,5HFi9kOib94
msimonazzirm,hRfrdnEr3iEk
kmarnerrn,y329UMI
ayelero,pbxCiTP
arozierrp,KuFa2qzRX34c
bpetorq,GZNoRXJvSG
fgoszrr,WvF43cKyqa
